{"cameraMode":{"drawMode":0,"name":"Shaded","section":"Shading Mode"},"sceneLighting":true,"audioPlay":false,"sceneViewState":{"showFog":true,"showMaterialUpdate":false,"showSkybox":true,"showFlares":true,"showImageEffects":true,"showParticleSystems":true},"in2DMode":false,"pivot":{"x":1.6553395986557007,"y":0.47934913635253909,"z":-0.2225075662136078},"rotation":{"x":-0.16222958266735078,"y":0.779357373714447,"z":-0.2250441163778305,"w":-0.5618200898170471},"size":1.924424409866333,"orthographic":false}